<?xml version="1.0" encoding="UTF-8" standalone="no" ?>
<manifest identifier="sample_scorm_course" version="1.0"
    xmlns="http://www.imsglobal.org/xsd/imscp_v1p1"
    xmlns:adlcp="http://www.adlnet.org/xsd/adlcp_v1p3"
    xmlns:xsi="http://www.w3.org/2001/XMLSchema-instance"
    xsi:schemaLocation="http://www.imsproject.org/xsd/imscp_rootv1p1p2 imscp_rootv1p1p2.xsd
                        http://www.adlnet.org/xsd/adlcp_rootv1p2 adlcp_rootv1p2.xsd">

    <organizations default="bat">
        <organization identifier="bat-license-to-manage">
            <title>07. Venturing into the Unknown</title>
            <item identifier="bat-episode-7" identifierref="episode-7-resource">
                <title>Venturing into the Unknown</title>
            </item>
        </organization>
    </organizations>

    <resources>
        <resource identifier="episode-7-resource" type="webcontent" adlcp:scormType="sco" href="index.html">
            <file href="index.html" />
        </resource>
    </resources>
</manifest>